--------------------------------------------------------
-- REPLACE DGEORGIEV WITH YOUR 
-- ACCOUNT NAME IN ORDER TO WORK
--------------------------------------------------------


--------------------------------------------------------
--  DDL for Table MEASURMENT_UNITS
--------------------------------------------------------

  CREATE TABLE "DGEORGIEV"."MEASURMENT_UNITS" 
   (	"ID" NUMBER(*,0), 
	"NAME" VARCHAR2(10 BYTE)
   ) SEGMENT CREATION IMMEDIATE 
  PCTFREE 10 PCTUSED 40 INITRANS 1 MAXTRANS 255 NOCOMPRESS LOGGING
  STORAGE(INITIAL 65536 NEXT 1048576 MINEXTENTS 1 MAXEXTENTS 2147483645
  PCTINCREASE 0 FREELISTS 1 FREELIST GROUPS 1 BUFFER_POOL DEFAULT FLASH_CACHE DEFAULT CELL_FLASH_CACHE DEFAULT)
  TABLESPACE "SYSTEM" ;
--------------------------------------------------------
--  DDL for Table PRODUCTS
--------------------------------------------------------

  CREATE TABLE "DGEORGIEV"."PRODUCTS" 
   (	"ID" NUMBER(*,0), 
	"NAME" VARCHAR2(40 BYTE), 
	"VENDOR_ID" NUMBER(*,0), 
	"MEASURMENT_UNIT_ID" NUMBER(*,0), 
	"PRICE" NUMBER(19,4)
   ) SEGMENT CREATION IMMEDIATE 
  PCTFREE 10 PCTUSED 40 INITRANS 1 MAXTRANS 255 NOCOMPRESS LOGGING
  STORAGE(INITIAL 65536 NEXT 1048576 MINEXTENTS 1 MAXEXTENTS 2147483645
  PCTINCREASE 0 FREELISTS 1 FREELIST GROUPS 1 BUFFER_POOL DEFAULT FLASH_CACHE DEFAULT CELL_FLASH_CACHE DEFAULT)
  TABLESPACE "SYSTEM" ;
--------------------------------------------------------
--  DDL for Table SALES
--------------------------------------------------------

  CREATE TABLE "DGEORGIEV"."SALES" 
   (	"ID" NUMBER(*,0), 
	"SOLD_ON" DATE, 
	"SUPERMARKET_ID" NUMBER(*,0), 
	"PRODUCT_ID" NUMBER(*,0), 
	"QUANTITY" NUMBER(*,0)
   ) SEGMENT CREATION IMMEDIATE 
  PCTFREE 10 PCTUSED 40 INITRANS 1 MAXTRANS 255 NOCOMPRESS LOGGING
  STORAGE(INITIAL 65536 NEXT 1048576 MINEXTENTS 1 MAXEXTENTS 2147483645
  PCTINCREASE 0 FREELISTS 1 FREELIST GROUPS 1 BUFFER_POOL DEFAULT FLASH_CACHE DEFAULT CELL_FLASH_CACHE DEFAULT)
  TABLESPACE "SYSTEM" ;
--------------------------------------------------------
--  DDL for Table SUPERMARKETS
--------------------------------------------------------

  CREATE TABLE "DGEORGIEV"."SUPERMARKETS" 
   (	"ID" NUMBER(*,0), 
	"NAME" VARCHAR2(60 BYTE)
   ) SEGMENT CREATION IMMEDIATE 
  PCTFREE 10 PCTUSED 40 INITRANS 1 MAXTRANS 255 NOCOMPRESS LOGGING
  STORAGE(INITIAL 65536 NEXT 1048576 MINEXTENTS 1 MAXEXTENTS 2147483645
  PCTINCREASE 0 FREELISTS 1 FREELIST GROUPS 1 BUFFER_POOL DEFAULT FLASH_CACHE DEFAULT CELL_FLASH_CACHE DEFAULT)
  TABLESPACE "SYSTEM" ;
--------------------------------------------------------
--  DDL for Table VENDORS
--------------------------------------------------------

  CREATE TABLE "DGEORGIEV"."VENDORS" 
   (	"ID" NUMBER(*,0), 
	"NAME" VARCHAR2(50 BYTE)
   ) SEGMENT CREATION IMMEDIATE 
  PCTFREE 10 PCTUSED 40 INITRANS 1 MAXTRANS 255 NOCOMPRESS LOGGING
  STORAGE(INITIAL 65536 NEXT 1048576 MINEXTENTS 1 MAXEXTENTS 2147483645
  PCTINCREASE 0 FREELISTS 1 FREELIST GROUPS 1 BUFFER_POOL DEFAULT FLASH_CACHE DEFAULT CELL_FLASH_CACHE DEFAULT)
  TABLESPACE "SYSTEM" ;
REM INSERTING into DGEORGIEV.MEASURMENT_UNITS
SET DEFINE OFF;
Insert into DGEORGIEV.MEASURMENT_UNITS (ID,NAME) values (1,'liter');
Insert into DGEORGIEV.MEASURMENT_UNITS (ID,NAME) values (2,'kilograms');
Insert into DGEORGIEV.MEASURMENT_UNITS (ID,NAME) values (3,'packs');
REM INSERTING into DGEORGIEV.PRODUCTS
SET DEFINE OFF;
Insert into DGEORGIEV.PRODUCTS (ID,NAME,VENDOR_ID,MEASURMENT_UNIT_ID,PRICE) values (1,'Chai',1,3,18);
Insert into DGEORGIEV.PRODUCTS (ID,NAME,VENDOR_ID,MEASURMENT_UNIT_ID,PRICE) values (2,'Chang',1,1,19);
Insert into DGEORGIEV.PRODUCTS (ID,NAME,VENDOR_ID,MEASURMENT_UNIT_ID,PRICE) values (3,'Aniseed Syrup',1,1,10);
Insert into DGEORGIEV.PRODUCTS (ID,NAME,VENDOR_ID,MEASURMENT_UNIT_ID,PRICE) values (4,'Chef Anton''s Cajun Seasoning',2,2,22);
Insert into DGEORGIEV.PRODUCTS (ID,NAME,VENDOR_ID,MEASURMENT_UNIT_ID,PRICE) values (5,'Chef Anton''s Gumbo Mix',2,3,21.35);
Insert into DGEORGIEV.PRODUCTS (ID,NAME,VENDOR_ID,MEASURMENT_UNIT_ID,PRICE) values (6,'Grandma''s Boysenberry Spread',3,2,25);
Insert into DGEORGIEV.PRODUCTS (ID,NAME,VENDOR_ID,MEASURMENT_UNIT_ID,PRICE) values (7,'Uncle Bob''s Organic Dried Pears',3,3,30);
Insert into DGEORGIEV.PRODUCTS (ID,NAME,VENDOR_ID,MEASURMENT_UNIT_ID,PRICE) values (8,'Northwoods Cranberry Sauce',3,3,40);
Insert into DGEORGIEV.PRODUCTS (ID,NAME,VENDOR_ID,MEASURMENT_UNIT_ID,PRICE) values (9,'Mishi Kobe Niku',4,3,97);
Insert into DGEORGIEV.PRODUCTS (ID,NAME,VENDOR_ID,MEASURMENT_UNIT_ID,PRICE) values (10,'Ikura',4,2,31);
Insert into DGEORGIEV.PRODUCTS (ID,NAME,VENDOR_ID,MEASURMENT_UNIT_ID,PRICE) values (11,'Queso Cabrales',5,2,21);
Insert into DGEORGIEV.PRODUCTS (ID,NAME,VENDOR_ID,MEASURMENT_UNIT_ID,PRICE) values (12,'Queso Manchego La Pastora',5,2,38);
Insert into DGEORGIEV.PRODUCTS (ID,NAME,VENDOR_ID,MEASURMENT_UNIT_ID,PRICE) values (13,'Konbu',6,2,6);
Insert into DGEORGIEV.PRODUCTS (ID,NAME,VENDOR_ID,MEASURMENT_UNIT_ID,PRICE) values (14,'Tofu',6,2,23.25);
Insert into DGEORGIEV.PRODUCTS (ID,NAME,VENDOR_ID,MEASURMENT_UNIT_ID,PRICE) values (15,'Genen Shouyu',6,1,15.5);
Insert into DGEORGIEV.PRODUCTS (ID,NAME,VENDOR_ID,MEASURMENT_UNIT_ID,PRICE) values (16,'Pavlova',7,2,17.45);
Insert into DGEORGIEV.PRODUCTS (ID,NAME,VENDOR_ID,MEASURMENT_UNIT_ID,PRICE) values (17,'Alice Mutton',7,2,39);
Insert into DGEORGIEV.PRODUCTS (ID,NAME,VENDOR_ID,MEASURMENT_UNIT_ID,PRICE) values (18,'Carnarvon Tigers',7,2,62.5);
Insert into DGEORGIEV.PRODUCTS (ID,NAME,VENDOR_ID,MEASURMENT_UNIT_ID,PRICE) values (19,'Teatime Chocolate Biscuits',8,3,9.2);
Insert into DGEORGIEV.PRODUCTS (ID,NAME,VENDOR_ID,MEASURMENT_UNIT_ID,PRICE) values (20,'Sir Rodney''s Marmalade',8,3,81);
Insert into DGEORGIEV.PRODUCTS (ID,NAME,VENDOR_ID,MEASURMENT_UNIT_ID,PRICE) values (21,'Sir Rodney''s Scones',8,3,10);
Insert into DGEORGIEV.PRODUCTS (ID,NAME,VENDOR_ID,MEASURMENT_UNIT_ID,PRICE) values (22,'Gustaf''s Knackebrod',9,2,21);
Insert into DGEORGIEV.PRODUCTS (ID,NAME,VENDOR_ID,MEASURMENT_UNIT_ID,PRICE) values (23,'Tunnbrod',9,2,9);
Insert into DGEORGIEV.PRODUCTS (ID,NAME,VENDOR_ID,MEASURMENT_UNIT_ID,PRICE) values (24,'Guarana Fantastica',10,1,4.5);
Insert into DGEORGIEV.PRODUCTS (ID,NAME,VENDOR_ID,MEASURMENT_UNIT_ID,PRICE) values (25,'NuNuCa Nu?-Nougat-Creme',11,2,14);
Insert into DGEORGIEV.PRODUCTS (ID,NAME,VENDOR_ID,MEASURMENT_UNIT_ID,PRICE) values (26,'Gumbar Gummibarchen',11,2,31.23);
Insert into DGEORGIEV.PRODUCTS (ID,NAME,VENDOR_ID,MEASURMENT_UNIT_ID,PRICE) values (27,'Schoggi Schokolade',11,1,43.9);
Insert into DGEORGIEV.PRODUCTS (ID,NAME,VENDOR_ID,MEASURMENT_UNIT_ID,PRICE) values (28,'Rossle Sauerkraut',12,3,45.6);
Insert into DGEORGIEV.PRODUCTS (ID,NAME,VENDOR_ID,MEASURMENT_UNIT_ID,PRICE) values (29,'Thuringer Rostbratwurst',12,3,123.79);
Insert into DGEORGIEV.PRODUCTS (ID,NAME,VENDOR_ID,MEASURMENT_UNIT_ID,PRICE) values (30,'Nord-Ost Matjeshering',13,1,25.89);
Insert into DGEORGIEV.PRODUCTS (ID,NAME,VENDOR_ID,MEASURMENT_UNIT_ID,PRICE) values (31,'Gorgonzola Telino',14,1,12.5);
Insert into DGEORGIEV.PRODUCTS (ID,NAME,VENDOR_ID,MEASURMENT_UNIT_ID,PRICE) values (32,'Mascarpone Fabioli',14,1,32);
Insert into DGEORGIEV.PRODUCTS (ID,NAME,VENDOR_ID,MEASURMENT_UNIT_ID,PRICE) values (33,'Geitost',15,2,2.5);
Insert into DGEORGIEV.PRODUCTS (ID,NAME,VENDOR_ID,MEASURMENT_UNIT_ID,PRICE) values (34,'Sasquatch Ale',16,3,14);
Insert into DGEORGIEV.PRODUCTS (ID,NAME,VENDOR_ID,MEASURMENT_UNIT_ID,PRICE) values (35,'Steeleye Stout',16,3,18);
Insert into DGEORGIEV.PRODUCTS (ID,NAME,VENDOR_ID,MEASURMENT_UNIT_ID,PRICE) values (36,'Inlagd Sill',17,2,19);
Insert into DGEORGIEV.PRODUCTS (ID,NAME,VENDOR_ID,MEASURMENT_UNIT_ID,PRICE) values (37,'Gravad lax',17,1,26);
Insert into DGEORGIEV.PRODUCTS (ID,NAME,VENDOR_ID,MEASURMENT_UNIT_ID,PRICE) values (38,'Cote de Blaye',18,1,263.5);
Insert into DGEORGIEV.PRODUCTS (ID,NAME,VENDOR_ID,MEASURMENT_UNIT_ID,PRICE) values (39,'Chartreuse verte',18,3,18);
Insert into DGEORGIEV.PRODUCTS (ID,NAME,VENDOR_ID,MEASURMENT_UNIT_ID,PRICE) values (40,'Boston Crab Meat',19,3,18.4);
Insert into DGEORGIEV.PRODUCTS (ID,NAME,VENDOR_ID,MEASURMENT_UNIT_ID,PRICE) values (41,'Jack''s New England Clam Chowder',19,1,9.65);
Insert into DGEORGIEV.PRODUCTS (ID,NAME,VENDOR_ID,MEASURMENT_UNIT_ID,PRICE) values (42,'Singaporean Hokkien Fried Mee',20,3,14);
Insert into DGEORGIEV.PRODUCTS (ID,NAME,VENDOR_ID,MEASURMENT_UNIT_ID,PRICE) values (43,'Ipoh Coffee',20,2,46);
Insert into DGEORGIEV.PRODUCTS (ID,NAME,VENDOR_ID,MEASURMENT_UNIT_ID,PRICE) values (44,'Gula Malacca',20,2,19.45);
Insert into DGEORGIEV.PRODUCTS (ID,NAME,VENDOR_ID,MEASURMENT_UNIT_ID,PRICE) values (45,'Rogede sild',21,3,9.5);
Insert into DGEORGIEV.PRODUCTS (ID,NAME,VENDOR_ID,MEASURMENT_UNIT_ID,PRICE) values (46,'Spegesild',21,1,12);
Insert into DGEORGIEV.PRODUCTS (ID,NAME,VENDOR_ID,MEASURMENT_UNIT_ID,PRICE) values (47,'Zaanse koeken',22,1,9.5);
Insert into DGEORGIEV.PRODUCTS (ID,NAME,VENDOR_ID,MEASURMENT_UNIT_ID,PRICE) values (48,'Chocolade',22,3,12.75);
Insert into DGEORGIEV.PRODUCTS (ID,NAME,VENDOR_ID,MEASURMENT_UNIT_ID,PRICE) values (49,'Maxilaku',23,1,20);
Insert into DGEORGIEV.PRODUCTS (ID,NAME,VENDOR_ID,MEASURMENT_UNIT_ID,PRICE) values (50,'Valkoinen suklaa',23,2,16.25);
Insert into DGEORGIEV.PRODUCTS (ID,NAME,VENDOR_ID,MEASURMENT_UNIT_ID,PRICE) values (51,'Manjimup Dried Apples',24,2,53);
Insert into DGEORGIEV.PRODUCTS (ID,NAME,VENDOR_ID,MEASURMENT_UNIT_ID,PRICE) values (52,'Filo Mix',24,2,7);
Insert into DGEORGIEV.PRODUCTS (ID,NAME,VENDOR_ID,MEASURMENT_UNIT_ID,PRICE) values (53,'Perth Pasties',24,2,32.8);
Insert into DGEORGIEV.PRODUCTS (ID,NAME,VENDOR_ID,MEASURMENT_UNIT_ID,PRICE) values (54,'Tourtiere',25,1,7.45);
Insert into DGEORGIEV.PRODUCTS (ID,NAME,VENDOR_ID,MEASURMENT_UNIT_ID,PRICE) values (55,'Pate chinois',25,1,24);
Insert into DGEORGIEV.PRODUCTS (ID,NAME,VENDOR_ID,MEASURMENT_UNIT_ID,PRICE) values (56,'Gnocchi di nonna Alice',26,1,38);
Insert into DGEORGIEV.PRODUCTS (ID,NAME,VENDOR_ID,MEASURMENT_UNIT_ID,PRICE) values (57,'Ravioli Angelo',26,3,19.5);
Insert into DGEORGIEV.PRODUCTS (ID,NAME,VENDOR_ID,MEASURMENT_UNIT_ID,PRICE) values (58,'Escargots de Bourgogne',27,1,13.25);
Insert into DGEORGIEV.PRODUCTS (ID,NAME,VENDOR_ID,MEASURMENT_UNIT_ID,PRICE) values (59,'Raclette Courdavault',28,1,55);
Insert into DGEORGIEV.PRODUCTS (ID,NAME,VENDOR_ID,MEASURMENT_UNIT_ID,PRICE) values (60,'Camembert Pierrot',28,2,34);
Insert into DGEORGIEV.PRODUCTS (ID,NAME,VENDOR_ID,MEASURMENT_UNIT_ID,PRICE) values (61,'Sirop d''erable',29,2,28.5);
Insert into DGEORGIEV.PRODUCTS (ID,NAME,VENDOR_ID,MEASURMENT_UNIT_ID,PRICE) values (62,'Tarte au sucre',29,2,49.3);
Insert into DGEORGIEV.PRODUCTS (ID,NAME,VENDOR_ID,MEASURMENT_UNIT_ID,PRICE) values (63,'Vegie-spread',7,2,43.9);
Insert into DGEORGIEV.PRODUCTS (ID,NAME,VENDOR_ID,MEASURMENT_UNIT_ID,PRICE) values (64,'Wimmers gute Semmelknodel',12,2,33.25);
Insert into DGEORGIEV.PRODUCTS (ID,NAME,VENDOR_ID,MEASURMENT_UNIT_ID,PRICE) values (65,'Louisiana Fiery Hot Pepper Sauce',2,3,21.05);
Insert into DGEORGIEV.PRODUCTS (ID,NAME,VENDOR_ID,MEASURMENT_UNIT_ID,PRICE) values (66,'Louisiana Hot Spiced Okra',2,3,17);
Insert into DGEORGIEV.PRODUCTS (ID,NAME,VENDOR_ID,MEASURMENT_UNIT_ID,PRICE) values (67,'Laughing Lumberjack Lager',16,3,14);
Insert into DGEORGIEV.PRODUCTS (ID,NAME,VENDOR_ID,MEASURMENT_UNIT_ID,PRICE) values (68,'Scottish Longbreads',8,1,12.5);
Insert into DGEORGIEV.PRODUCTS (ID,NAME,VENDOR_ID,MEASURMENT_UNIT_ID,PRICE) values (69,'Gudbrandsdalsost',15,1,36);
Insert into DGEORGIEV.PRODUCTS (ID,NAME,VENDOR_ID,MEASURMENT_UNIT_ID,PRICE) values (70,'Outback Lager',7,3,15);
Insert into DGEORGIEV.PRODUCTS (ID,NAME,VENDOR_ID,MEASURMENT_UNIT_ID,PRICE) values (71,'Flotemysost',15,1,21.5);
Insert into DGEORGIEV.PRODUCTS (ID,NAME,VENDOR_ID,MEASURMENT_UNIT_ID,PRICE) values (72,'Mozzarella di Giovanni',14,1,34.8);
Insert into DGEORGIEV.PRODUCTS (ID,NAME,VENDOR_ID,MEASURMENT_UNIT_ID,PRICE) values (73,'Rod Kaviar',17,3,15);
Insert into DGEORGIEV.PRODUCTS (ID,NAME,VENDOR_ID,MEASURMENT_UNIT_ID,PRICE) values (74,'Longlife Tofu',4,1,10);
Insert into DGEORGIEV.PRODUCTS (ID,NAME,VENDOR_ID,MEASURMENT_UNIT_ID,PRICE) values (75,'Rhonbrau Klosterbier',12,2,7.75);
Insert into DGEORGIEV.PRODUCTS (ID,NAME,VENDOR_ID,MEASURMENT_UNIT_ID,PRICE) values (76,'Lakkalikoori',23,2,18);
Insert into DGEORGIEV.PRODUCTS (ID,NAME,VENDOR_ID,MEASURMENT_UNIT_ID,PRICE) values (77,'Original Frankfurter grune So?e',12,2,13);
REM INSERTING into DGEORGIEV.SALES
SET DEFINE OFF;
Insert into DGEORGIEV.SALES (ID,SOLD_ON,SUPERMARKET_ID,PRODUCT_ID,QUANTITY) values (1,to_date('2015-02-05','RRRR-MM-DD'),3,33,139);
Insert into DGEORGIEV.SALES (ID,SOLD_ON,SUPERMARKET_ID,PRODUCT_ID,QUANTITY) values (2,to_date('2015-02-02','RRRR-MM-DD'),2,30,128);
Insert into DGEORGIEV.SALES (ID,SOLD_ON,SUPERMARKET_ID,PRODUCT_ID,QUANTITY) values (3,to_date('2015-01-22','RRRR-MM-DD'),1,14,65);
Insert into DGEORGIEV.SALES (ID,SOLD_ON,SUPERMARKET_ID,PRODUCT_ID,QUANTITY) values (4,to_date('2015-03-03','RRRR-MM-DD'),4,68,278);
Insert into DGEORGIEV.SALES (ID,SOLD_ON,SUPERMARKET_ID,PRODUCT_ID,QUANTITY) values (5,to_date('2015-02-22','RRRR-MM-DD'),1,55,228);
Insert into DGEORGIEV.SALES (ID,SOLD_ON,SUPERMARKET_ID,PRODUCT_ID,QUANTITY) values (6,to_date('2015-03-04','RRRR-MM-DD'),1,69,282);
Insert into DGEORGIEV.SALES (ID,SOLD_ON,SUPERMARKET_ID,PRODUCT_ID,QUANTITY) values (7,to_date('2015-03-06','RRRR-MM-DD'),2,72,296);
Insert into DGEORGIEV.SALES (ID,SOLD_ON,SUPERMARKET_ID,PRODUCT_ID,QUANTITY) values (8,to_date('2015-01-15','RRRR-MM-DD'),2,5,29);
Insert into DGEORGIEV.SALES (ID,SOLD_ON,SUPERMARKET_ID,PRODUCT_ID,QUANTITY) values (9,to_date('2015-01-22','RRRR-MM-DD'),2,14,65);
Insert into DGEORGIEV.SALES (ID,SOLD_ON,SUPERMARKET_ID,PRODUCT_ID,QUANTITY) values (10,to_date('2015-03-11','RRRR-MM-DD'),2,17,75);
Insert into DGEORGIEV.SALES (ID,SOLD_ON,SUPERMARKET_ID,PRODUCT_ID,QUANTITY) values (11,to_date('2015-01-24','RRRR-MM-DD'),3,25,107);
Insert into DGEORGIEV.SALES (ID,SOLD_ON,SUPERMARKET_ID,PRODUCT_ID,QUANTITY) values (12,to_date('2015-01-30','RRRR-MM-DD'),4,32,136);
Insert into DGEORGIEV.SALES (ID,SOLD_ON,SUPERMARKET_ID,PRODUCT_ID,QUANTITY) values (13,to_date('2015-02-04','RRRR-MM-DD'),1,22,94);
Insert into DGEORGIEV.SALES (ID,SOLD_ON,SUPERMARKET_ID,PRODUCT_ID,QUANTITY) values (14,to_date('2015-01-27','RRRR-MM-DD'),3,68,279);
Insert into DGEORGIEV.SALES (ID,SOLD_ON,SUPERMARKET_ID,PRODUCT_ID,QUANTITY) values (15,to_date('2015-03-03','RRRR-MM-DD'),3,43,180);
Insert into DGEORGIEV.SALES (ID,SOLD_ON,SUPERMARKET_ID,PRODUCT_ID,QUANTITY) values (16,to_date('2015-02-12','RRRR-MM-DD'),2,57,234);
Insert into DGEORGIEV.SALES (ID,SOLD_ON,SUPERMARKET_ID,PRODUCT_ID,QUANTITY) values (17,to_date('2015-02-23','RRRR-MM-DD'),4,8,39);
Insert into DGEORGIEV.SALES (ID,SOLD_ON,SUPERMARKET_ID,PRODUCT_ID,QUANTITY) values (18,to_date('2015-01-17','RRRR-MM-DD'),4,42,176);
Insert into DGEORGIEV.SALES (ID,SOLD_ON,SUPERMARKET_ID,PRODUCT_ID,QUANTITY) values (19,to_date('2015-02-12','RRRR-MM-DD'),3,36,153);
Insert into DGEORGIEV.SALES (ID,SOLD_ON,SUPERMARKET_ID,PRODUCT_ID,QUANTITY) values (20,to_date('2015-02-07','RRRR-MM-DD'),4,18,80);
Insert into DGEORGIEV.SALES (ID,SOLD_ON,SUPERMARKET_ID,PRODUCT_ID,QUANTITY) values (21,to_date('2015-01-24','RRRR-MM-DD'),1,54,225);
Insert into DGEORGIEV.SALES (ID,SOLD_ON,SUPERMARKET_ID,PRODUCT_ID,QUANTITY) values (22,to_date('2015-02-21','RRRR-MM-DD'),1,49,202);
Insert into DGEORGIEV.SALES (ID,SOLD_ON,SUPERMARKET_ID,PRODUCT_ID,QUANTITY) values (23,to_date('2015-02-17','RRRR-MM-DD'),2,48,200);
Insert into DGEORGIEV.SALES (ID,SOLD_ON,SUPERMARKET_ID,PRODUCT_ID,QUANTITY) values (24,to_date('2015-02-16','RRRR-MM-DD'),4,66,270);
Insert into DGEORGIEV.SALES (ID,SOLD_ON,SUPERMARKET_ID,PRODUCT_ID,QUANTITY) values (25,to_date('2015-03-02','RRRR-MM-DD'),1,58,240);
Insert into DGEORGIEV.SALES (ID,SOLD_ON,SUPERMARKET_ID,PRODUCT_ID,QUANTITY) values (26,to_date('2015-02-24','RRRR-MM-DD'),3,2,16);
Insert into DGEORGIEV.SALES (ID,SOLD_ON,SUPERMARKET_ID,PRODUCT_ID,QUANTITY) values (27,to_date('2015-01-12','RRRR-MM-DD'),1,1,11);
Insert into DGEORGIEV.SALES (ID,SOLD_ON,SUPERMARKET_ID,PRODUCT_ID,QUANTITY) values (28,to_date('2015-01-11','RRRR-MM-DD'),4,18,78);
Insert into DGEORGIEV.SALES (ID,SOLD_ON,SUPERMARKET_ID,PRODUCT_ID,QUANTITY) values (29,to_date('2015-01-24','RRRR-MM-DD'),1,60,249);
Insert into DGEORGIEV.SALES (ID,SOLD_ON,SUPERMARKET_ID,PRODUCT_ID,QUANTITY) values (30,to_date('2015-02-25','RRRR-MM-DD'),3,14,62);
Insert into DGEORGIEV.SALES (ID,SOLD_ON,SUPERMARKET_ID,PRODUCT_ID,QUANTITY) values (31,to_date('2015-01-21','RRRR-MM-DD'),1,36,151);
Insert into DGEORGIEV.SALES (ID,SOLD_ON,SUPERMARKET_ID,PRODUCT_ID,QUANTITY) values (32,to_date('2015-02-07','RRRR-MM-DD'),2,14,64);
Insert into DGEORGIEV.SALES (ID,SOLD_ON,SUPERMARKET_ID,PRODUCT_ID,QUANTITY) values (33,to_date('2015-01-21','RRRR-MM-DD'),1,56,233);
Insert into DGEORGIEV.SALES (ID,SOLD_ON,SUPERMARKET_ID,PRODUCT_ID,QUANTITY) values (34,to_date('2015-02-22','RRRR-MM-DD'),2,4,23);
Insert into DGEORGIEV.SALES (ID,SOLD_ON,SUPERMARKET_ID,PRODUCT_ID,QUANTITY) values (35,to_date('2015-01-14','RRRR-MM-DD'),1,43,180);
Insert into DGEORGIEV.SALES (ID,SOLD_ON,SUPERMARKET_ID,PRODUCT_ID,QUANTITY) values (36,to_date('2015-02-12','RRRR-MM-DD'),3,8,39);
Insert into DGEORGIEV.SALES (ID,SOLD_ON,SUPERMARKET_ID,PRODUCT_ID,QUANTITY) values (37,to_date('2015-03-11','RRRR-MM-DD'),4,29,123);
Insert into DGEORGIEV.SALES (ID,SOLD_ON,SUPERMARKET_ID,PRODUCT_ID,QUANTITY) values (38,to_date('2015-01-17','RRRR-MM-DD'),1,6,32);
Insert into DGEORGIEV.SALES (ID,SOLD_ON,SUPERMARKET_ID,PRODUCT_ID,QUANTITY) values (39,to_date('2015-02-02','RRRR-MM-DD'),2,17,74);
Insert into DGEORGIEV.SALES (ID,SOLD_ON,SUPERMARKET_ID,PRODUCT_ID,QUANTITY) values (40,to_date('2015-01-15','RRRR-MM-DD'),2,12,54);
REM INSERTING into DGEORGIEV.SUPERMARKETS
SET DEFINE OFF;
Insert into DGEORGIEV.SUPERMARKETS (ID,NAME) values (1,'Supermarket “Bay Ivan” – Zmeyovo');
Insert into DGEORGIEV.SUPERMARKETS (ID,NAME) values (2,'Supermarket “Plovdiv – Stolipinovo”');
Insert into DGEORGIEV.SUPERMARKETS (ID,NAME) values (3,'Supermarket “Kaspichan – Center”');
Insert into DGEORGIEV.SUPERMARKETS (ID,NAME) values (4,'Supermarket “Bourgas – Plaza”');
REM INSERTING into DGEORGIEV.VENDORS
SET DEFINE OFF;
Insert into DGEORGIEV.VENDORS (ID,NAME) values (1,'Exotic Liquids');
Insert into DGEORGIEV.VENDORS (ID,NAME) values (2,'New Orleans Cajun Delights');
Insert into DGEORGIEV.VENDORS (ID,NAME) values (3,'Grandma Kelly''s Homestead');
Insert into DGEORGIEV.VENDORS (ID,NAME) values (4,'Tokyo Traders');
Insert into DGEORGIEV.VENDORS (ID,NAME) values (5,'Cooperativa de Quesos ''Las Cabras''');
Insert into DGEORGIEV.VENDORS (ID,NAME) values (6,'Mayumi''s');
Insert into DGEORGIEV.VENDORS (ID,NAME) values (7,'Pavlova, Ltd.');
Insert into DGEORGIEV.VENDORS (ID,NAME) values (8,'Specialty Biscuits, Ltd.');
Insert into DGEORGIEV.VENDORS (ID,NAME) values (9,'PB Knackebrod AB');
Insert into DGEORGIEV.VENDORS (ID,NAME) values (10,'Refrescos Americanas LTDA');
Insert into DGEORGIEV.VENDORS (ID,NAME) values (11,'Heli Su?waren GmbH & Co. KG');
Insert into DGEORGIEV.VENDORS (ID,NAME) values (12,'Plutzer Lebensmittelgro?markte AG');
Insert into DGEORGIEV.VENDORS (ID,NAME) values (13,'Nord-Ost-Fisch Handelsgesellschaft mbH');
Insert into DGEORGIEV.VENDORS (ID,NAME) values (14,'Formaggi Fortini s.r.l.');
Insert into DGEORGIEV.VENDORS (ID,NAME) values (15,'Norske Meierier');
Insert into DGEORGIEV.VENDORS (ID,NAME) values (16,'Bigfoot Breweries');
Insert into DGEORGIEV.VENDORS (ID,NAME) values (17,'Svensk Sjofoda AB');
Insert into DGEORGIEV.VENDORS (ID,NAME) values (18,'Aux joyeux ecclesiastiques');
Insert into DGEORGIEV.VENDORS (ID,NAME) values (19,'New England Seafood Cannery');
Insert into DGEORGIEV.VENDORS (ID,NAME) values (20,'Leka Trading');
Insert into DGEORGIEV.VENDORS (ID,NAME) values (21,'Lyngbysild');
Insert into DGEORGIEV.VENDORS (ID,NAME) values (22,'Zaanse Snoepfabriek');
Insert into DGEORGIEV.VENDORS (ID,NAME) values (23,'Karkki Oy');
Insert into DGEORGIEV.VENDORS (ID,NAME) values (24,'G''day, Mate');
Insert into DGEORGIEV.VENDORS (ID,NAME) values (25,'Ma Maison');
Insert into DGEORGIEV.VENDORS (ID,NAME) values (26,'Pasta Buttini s.r.l.');
Insert into DGEORGIEV.VENDORS (ID,NAME) values (27,'Escargots Nouveaux');
Insert into DGEORGIEV.VENDORS (ID,NAME) values (28,'Gai paturage');
Insert into DGEORGIEV.VENDORS (ID,NAME) values (29,'Forets d''erables');
--------------------------------------------------------
--  DDL for Index MEASURMENT_UNITS_PK
--------------------------------------------------------

  CREATE UNIQUE INDEX "DGEORGIEV"."MEASURMENT_UNITS_PK" ON "DGEORGIEV"."MEASURMENT_UNITS" ("ID") 
  PCTFREE 10 INITRANS 2 MAXTRANS 255 
  STORAGE(INITIAL 65536 NEXT 1048576 MINEXTENTS 1 MAXEXTENTS 2147483645
  PCTINCREASE 0 FREELISTS 1 FREELIST GROUPS 1 BUFFER_POOL DEFAULT FLASH_CACHE DEFAULT CELL_FLASH_CACHE DEFAULT)
  TABLESPACE "SYSTEM" ;
--------------------------------------------------------
--  DDL for Index PRODUCTS_PK
--------------------------------------------------------

  CREATE UNIQUE INDEX "DGEORGIEV"."PRODUCTS_PK" ON "DGEORGIEV"."PRODUCTS" ("ID") 
  PCTFREE 10 INITRANS 2 MAXTRANS 255 
  STORAGE(INITIAL 65536 NEXT 1048576 MINEXTENTS 1 MAXEXTENTS 2147483645
  PCTINCREASE 0 FREELISTS 1 FREELIST GROUPS 1 BUFFER_POOL DEFAULT FLASH_CACHE DEFAULT CELL_FLASH_CACHE DEFAULT)
  TABLESPACE "SYSTEM" ;
--------------------------------------------------------
--  DDL for Index SALES_PK
--------------------------------------------------------

  CREATE UNIQUE INDEX "DGEORGIEV"."SALES_PK" ON "DGEORGIEV"."SALES" ("ID") 
  PCTFREE 10 INITRANS 2 MAXTRANS 255 
  STORAGE(INITIAL 65536 NEXT 1048576 MINEXTENTS 1 MAXEXTENTS 2147483645
  PCTINCREASE 0 FREELISTS 1 FREELIST GROUPS 1 BUFFER_POOL DEFAULT FLASH_CACHE DEFAULT CELL_FLASH_CACHE DEFAULT)
  TABLESPACE "SYSTEM" ;
--------------------------------------------------------
--  DDL for Index SUPERMARKETS_PK
--------------------------------------------------------

  CREATE UNIQUE INDEX "DGEORGIEV"."SUPERMARKETS_PK" ON "DGEORGIEV"."SUPERMARKETS" ("ID") 
  PCTFREE 10 INITRANS 2 MAXTRANS 255 
  STORAGE(INITIAL 65536 NEXT 1048576 MINEXTENTS 1 MAXEXTENTS 2147483645
  PCTINCREASE 0 FREELISTS 1 FREELIST GROUPS 1 BUFFER_POOL DEFAULT FLASH_CACHE DEFAULT CELL_FLASH_CACHE DEFAULT)
  TABLESPACE "SYSTEM" ;
--------------------------------------------------------
--  DDL for Index VENDORS_PK
--------------------------------------------------------

  CREATE UNIQUE INDEX "DGEORGIEV"."VENDORS_PK" ON "DGEORGIEV"."VENDORS" ("ID") 
  PCTFREE 10 INITRANS 2 MAXTRANS 255 
  STORAGE(INITIAL 65536 NEXT 1048576 MINEXTENTS 1 MAXEXTENTS 2147483645
  PCTINCREASE 0 FREELISTS 1 FREELIST GROUPS 1 BUFFER_POOL DEFAULT FLASH_CACHE DEFAULT CELL_FLASH_CACHE DEFAULT)
  TABLESPACE "SYSTEM" ;
--------------------------------------------------------
--  Constraints for Table MEASURMENT_UNITS
--------------------------------------------------------

  ALTER TABLE "DGEORGIEV"."MEASURMENT_UNITS" ADD CONSTRAINT "MEASURMENT_UNITS_PK" PRIMARY KEY ("ID")
  USING INDEX PCTFREE 10 INITRANS 2 MAXTRANS 255 
  STORAGE(INITIAL 65536 NEXT 1048576 MINEXTENTS 1 MAXEXTENTS 2147483645
  PCTINCREASE 0 FREELISTS 1 FREELIST GROUPS 1 BUFFER_POOL DEFAULT FLASH_CACHE DEFAULT CELL_FLASH_CACHE DEFAULT)
  TABLESPACE "SYSTEM"  ENABLE;
  ALTER TABLE "DGEORGIEV"."MEASURMENT_UNITS" MODIFY ("NAME" NOT NULL ENABLE);
  ALTER TABLE "DGEORGIEV"."MEASURMENT_UNITS" MODIFY ("ID" NOT NULL ENABLE);
--------------------------------------------------------
--  Constraints for Table PRODUCTS
--------------------------------------------------------

  ALTER TABLE "DGEORGIEV"."PRODUCTS" ADD CONSTRAINT "PRODUCTS_PK" PRIMARY KEY ("ID")
  USING INDEX PCTFREE 10 INITRANS 2 MAXTRANS 255 
  STORAGE(INITIAL 65536 NEXT 1048576 MINEXTENTS 1 MAXEXTENTS 2147483645
  PCTINCREASE 0 FREELISTS 1 FREELIST GROUPS 1 BUFFER_POOL DEFAULT FLASH_CACHE DEFAULT CELL_FLASH_CACHE DEFAULT)
  TABLESPACE "SYSTEM"  ENABLE;
  ALTER TABLE "DGEORGIEV"."PRODUCTS" MODIFY ("PRICE" NOT NULL ENABLE);
  ALTER TABLE "DGEORGIEV"."PRODUCTS" MODIFY ("MEASURMENT_UNIT_ID" NOT NULL ENABLE);
  ALTER TABLE "DGEORGIEV"."PRODUCTS" MODIFY ("VENDOR_ID" NOT NULL ENABLE);
  ALTER TABLE "DGEORGIEV"."PRODUCTS" MODIFY ("NAME" NOT NULL ENABLE);
  ALTER TABLE "DGEORGIEV"."PRODUCTS" MODIFY ("ID" NOT NULL ENABLE);
--------------------------------------------------------
--  Constraints for Table SALES
--------------------------------------------------------

  ALTER TABLE "DGEORGIEV"."SALES" ADD CONSTRAINT "SALES_PK" PRIMARY KEY ("ID")
  USING INDEX PCTFREE 10 INITRANS 2 MAXTRANS 255 
  STORAGE(INITIAL 65536 NEXT 1048576 MINEXTENTS 1 MAXEXTENTS 2147483645
  PCTINCREASE 0 FREELISTS 1 FREELIST GROUPS 1 BUFFER_POOL DEFAULT FLASH_CACHE DEFAULT CELL_FLASH_CACHE DEFAULT)
  TABLESPACE "SYSTEM"  ENABLE;
  ALTER TABLE "DGEORGIEV"."SALES" MODIFY ("QUANTITY" NOT NULL ENABLE);
  ALTER TABLE "DGEORGIEV"."SALES" MODIFY ("PRODUCT_ID" NOT NULL ENABLE);
  ALTER TABLE "DGEORGIEV"."SALES" MODIFY ("SUPERMARKET_ID" NOT NULL ENABLE);
  ALTER TABLE "DGEORGIEV"."SALES" MODIFY ("SOLD_ON" NOT NULL ENABLE);
  ALTER TABLE "DGEORGIEV"."SALES" MODIFY ("ID" NOT NULL ENABLE);
--------------------------------------------------------
--  Constraints for Table SUPERMARKETS
--------------------------------------------------------

  ALTER TABLE "DGEORGIEV"."SUPERMARKETS" ADD CONSTRAINT "SUPERMARKETS_PK" PRIMARY KEY ("ID")
  USING INDEX PCTFREE 10 INITRANS 2 MAXTRANS 255 
  STORAGE(INITIAL 65536 NEXT 1048576 MINEXTENTS 1 MAXEXTENTS 2147483645
  PCTINCREASE 0 FREELISTS 1 FREELIST GROUPS 1 BUFFER_POOL DEFAULT FLASH_CACHE DEFAULT CELL_FLASH_CACHE DEFAULT)
  TABLESPACE "SYSTEM"  ENABLE;
  ALTER TABLE "DGEORGIEV"."SUPERMARKETS" MODIFY ("NAME" NOT NULL ENABLE);
  ALTER TABLE "DGEORGIEV"."SUPERMARKETS" MODIFY ("ID" NOT NULL ENABLE);
--------------------------------------------------------
--  Constraints for Table VENDORS
--------------------------------------------------------

  ALTER TABLE "DGEORGIEV"."VENDORS" ADD CONSTRAINT "VENDORS_PK" PRIMARY KEY ("ID")
  USING INDEX PCTFREE 10 INITRANS 2 MAXTRANS 255 
  STORAGE(INITIAL 65536 NEXT 1048576 MINEXTENTS 1 MAXEXTENTS 2147483645
  PCTINCREASE 0 FREELISTS 1 FREELIST GROUPS 1 BUFFER_POOL DEFAULT FLASH_CACHE DEFAULT CELL_FLASH_CACHE DEFAULT)
  TABLESPACE "SYSTEM"  ENABLE;
  ALTER TABLE "DGEORGIEV"."VENDORS" MODIFY ("NAME" NOT NULL ENABLE);
  ALTER TABLE "DGEORGIEV"."VENDORS" MODIFY ("ID" NOT NULL ENABLE);
--------------------------------------------------------
--  Ref Constraints for Table PRODUCTS
--------------------------------------------------------

  ALTER TABLE "DGEORGIEV"."PRODUCTS" ADD CONSTRAINT "PRODUCTS_MEASURMENT_UNIT_FK" FOREIGN KEY ("MEASURMENT_UNIT_ID")
	  REFERENCES "DGEORGIEV"."MEASURMENT_UNITS" ("ID") ENABLE;
  ALTER TABLE "DGEORGIEV"."PRODUCTS" ADD CONSTRAINT "PRODUCTS_VENDORS_FK" FOREIGN KEY ("VENDOR_ID")
	  REFERENCES "DGEORGIEV"."VENDORS" ("ID") ENABLE;
--------------------------------------------------------
--  Ref Constraints for Table SALES
--------------------------------------------------------

  ALTER TABLE "DGEORGIEV"."SALES" ADD CONSTRAINT "SALES_PRODUCTS_FK" FOREIGN KEY ("PRODUCT_ID")
	  REFERENCES "DGEORGIEV"."PRODUCTS" ("ID") ENABLE;
  ALTER TABLE "DGEORGIEV"."SALES" ADD CONSTRAINT "SALES_SUPERMARKETS_FK" FOREIGN KEY ("SUPERMARKET_ID")
	  REFERENCES "DGEORGIEV"."SUPERMARKETS" ("ID") ENABLE;
--------------------------------------------------------
--  DDL for Trigger MEASURMENT_UNITS_TRG
--------------------------------------------------------

  CREATE OR REPLACE TRIGGER "DGEORGIEV"."MEASURMENT_UNITS_TRG" 
BEFORE INSERT ON MEASURMENT_UNITS 
FOR EACH ROW 
BEGIN
  <<COLUMN_SEQUENCES>>
  BEGIN
    IF INSERTING AND :NEW.ID IS NULL THEN
      SELECT MEASURMENT_UNITS_SEQ.NEXTVAL INTO :NEW.ID FROM SYS.DUAL;
    END IF;
  END COLUMN_SEQUENCES;
END;
/
ALTER TRIGGER "DGEORGIEV"."MEASURMENT_UNITS_TRG" ENABLE;
--------------------------------------------------------
--  DDL for Trigger MEASURMENT_UNITS_BIR
--------------------------------------------------------

  CREATE OR REPLACE TRIGGER "DGEORGIEV"."MEASURMENT_UNITS_BIR" 
BEFORE INSERT ON MEASURMENT_UNITS
FOR EACH ROW

BEGIN
  SELECT MEASURMENT_UNITS_SEQ.NEXTVAL
  INTO   :new.id
  FROM   dual;
END;
/
ALTER TRIGGER "DGEORGIEV"."MEASURMENT_UNITS_BIR" ENABLE;
--------------------------------------------------------
--  DDL for Trigger PRODUCTS_TRG
--------------------------------------------------------

  CREATE OR REPLACE TRIGGER "DGEORGIEV"."PRODUCTS_TRG" 
BEFORE INSERT ON PRODUCTS 
FOR EACH ROW 
BEGIN
  <<COLUMN_SEQUENCES>>
  BEGIN
    IF INSERTING AND :NEW.ID IS NULL THEN
      SELECT PRODUCTS_SEQ.NEXTVAL INTO :NEW.ID FROM SYS.DUAL;
    END IF;
  END COLUMN_SEQUENCES;
END;
/
ALTER TRIGGER "DGEORGIEV"."PRODUCTS_TRG" ENABLE;
--------------------------------------------------------
--  DDL for Trigger PRODUCTS_BIR
--------------------------------------------------------

  CREATE OR REPLACE TRIGGER "DGEORGIEV"."PRODUCTS_BIR" 
BEFORE INSERT ON PRODUCTS 
FOR EACH ROW

BEGIN
  SELECT PRODUCTS_SEQ.NEXTVAL
  INTO   :new.id
  FROM   dual;
END;
/
ALTER TRIGGER "DGEORGIEV"."PRODUCTS_BIR" ENABLE;
--------------------------------------------------------
--  DDL for Trigger SALES_TRG
--------------------------------------------------------

  CREATE OR REPLACE TRIGGER "DGEORGIEV"."SALES_TRG" 
BEFORE INSERT ON SALES 
FOR EACH ROW 
BEGIN
  <<COLUMN_SEQUENCES>>
  BEGIN
    IF INSERTING AND :NEW.ID IS NULL THEN
      SELECT SALES_SEQ.NEXTVAL INTO :NEW.ID FROM SYS.DUAL;
    END IF;
  END COLUMN_SEQUENCES;
END;
/
ALTER TRIGGER "DGEORGIEV"."SALES_TRG" ENABLE;
--------------------------------------------------------
--  DDL for Trigger SUPERMARKETS_TRG
--------------------------------------------------------

  CREATE OR REPLACE TRIGGER "DGEORGIEV"."SUPERMARKETS_TRG" 
BEFORE INSERT ON SUPERMARKETS 
FOR EACH ROW 
BEGIN
  <<COLUMN_SEQUENCES>>
  BEGIN
    IF INSERTING AND :NEW.ID IS NULL THEN
      SELECT SUPERMARKETS_SEQ.NEXTVAL INTO :NEW.ID FROM SYS.DUAL;
    END IF;
  END COLUMN_SEQUENCES;
END;
/
ALTER TRIGGER "DGEORGIEV"."SUPERMARKETS_TRG" ENABLE;
--------------------------------------------------------
--  DDL for Trigger VENDORS_BIR
--------------------------------------------------------

  CREATE OR REPLACE TRIGGER "DGEORGIEV"."VENDORS_BIR" 
BEFORE INSERT ON VENDORS 
FOR EACH ROW

BEGIN
  SELECT VENDORS_SEQUENCE.NEXTVAL
  INTO   :new.id
  FROM   dual;
END;
/
ALTER TRIGGER "DGEORGIEV"."VENDORS_BIR" ENABLE;